{
    "parameters": {
        "ignore_o_thresholds": [0, 2, 4, 8, 10],
        "min_snippet_lengths": [0, 4, 8, 10, 12]
    },
    "currently_best": {
        "run_id": 13,
        "ignore_o_threshold": 4,
        "min_snippet_length": 10,
        "f1": 0.7186925874431567
    },
    "results": [
        {
            "precision": 0.6534951734094638,
            "recall": 0.7885198727110102,
            "f1": 0.7146859283339813,
            "iou": 0.7435251950611076,
            "bleu": 0.5622263863505115,
            "jaccard": 0.7435251950611076,
            "precision_region_lvl": 0.667132528976865,
            "recall_region_lvl": 0.8439876973903111,
            "f1_region_lvl": 0.6757403110200386,
            "rouge-1-f": 0.841391720239641,
            "rouge-2-f": 0.8137685035997634,
            "rouge-l-f": 0.8399571872883745
        },
        {
            "precision": 0.653500110222604,
            "recall": 0.7891874668522366,
            "f1": 0.7149629687945669,
            "iou": 0.7443366934743155,
            "bleu": 0.56290025531491,
            "jaccard": 0.7443366934743156,
            "precision_region_lvl": 0.6675567026206406,
            "recall_region_lvl": 0.8450144874845837,
            "f1_region_lvl": 0.6765345689867835,
            "rouge-1-f": 0.8420190933957421,
            "rouge-2-f": 0.814592498478804,
            "rouge-l-f": 0.8405830866092516
        },
        {
            "precision": 0.6535276534357056,
            "recall": 0.7892388960119511,
            "f1": 0.7150005576554852,
            "iou": 0.7441568549620449,
            "bleu": 0.5629956247939677,
            "jaccard": 0.7441568549620449,
            "precision_region_lvl": 0.6675884155465397,
            "recall_region_lvl": 0.8453393543361369,
            "f1_region_lvl": 0.6766699911229992,
            "rouge-1-f": 0.8417659431885891,
            "rouge-2-f": 0.8143258393867231,
            "rouge-l-f": 0.8403202528647408
        },
        {
            "precision": 0.6535804337583346,
            "recall": 0.789405684754522,
            "f1": 0.7151005865321617,
            "iou": 0.7443551183427839,
            "bleu": 0.5632200564546811,
            "jaccard": 0.7443551183427839,
            "precision_region_lvl": 0.6676519339194741,
            "recall_region_lvl": 0.845996735257491,
            "f1_region_lvl": 0.6769203592450044,
            "rouge-1-f": 0.8419477171959541,
            "rouge-2-f": 0.8145069442560818,
            "rouge-l-f": 0.8404991846567922
        },
        {
            "precision": 0.6535877685593585,
            "recall": 0.7894565108666783,
            "f1": 0.7151258303968845,
            "iou": 0.7440688157984248,
            "bleu": 0.563315423756124,
            "jaccard": 0.7440688157984248,
            "precision_region_lvl": 0.6676564003371623,
            "recall_region_lvl": 0.8459997000611125,
            "f1_region_lvl": 0.6770364818095016,
            "rouge-1-f": 0.8413773472792347,
            "rouge-2-f": 0.8138673879262516,
            "rouge-l-f": 0.839919672640271
        },
        {
            "precision": 0.6441759143375186,
            "recall": 0.8093745391700305,
            "f1": 0.7173876662529682,
            "iou": 0.7453425172972481,
            "bleu": 0.5696131841360336,
            "jaccard": 0.7453425172972481,
            "precision_region_lvl": 0.6581789528875815,
            "recall_region_lvl": 0.866333792369093,
            "f1_region_lvl": 0.6799449789981434,
            "rouge-1-f": 0.8408828615175408,
            "rouge-2-f": 0.8138799935610037,
            "rouge-l-f": 0.8395866073631703
        },
        {
            "precision": 0.6441783504046438,
            "recall": 0.8096437515380496,
            "f1": 0.717494906129535,
            "iou": 0.7457159004683019,
            "bleu": 0.5699057382560535,
            "jaccard": 0.7457159004683019,
            "precision_region_lvl": 0.6583811438520701,
            "recall_region_lvl": 0.866824239941157,
            "f1_region_lvl": 0.6802901856733803,
            "rouge-1-f": 0.8411890566545775,
            "rouge-2-f": 0.8141585288086293,
            "rouge-l-f": 0.8398923588814001
        },
        {
            "precision": 0.6442193361560231,
            "recall": 0.8099099018345771,
            "f1": 0.717624824086556,
            "iou": 0.7458745572991652,
            "bleu": 0.5701082717970113,
            "jaccard": 0.7458745572991652,
            "precision_region_lvl": 0.6585209774053409,
            "recall_region_lvl": 0.8672977079253992,
            "f1_region_lvl": 0.6805659066917427,
            "rouge-1-f": 0.8412475821744897,
            "rouge-2-f": 0.814218566277425,
            "rouge-l-f": 0.8399484500804423
        },
        {
            "precision": 0.6442193361560231,
            "recall": 0.8099099018345771,
            "f1": 0.717624824086556,
            "iou": 0.7458745572991652,
            "bleu": 0.5701082717970113,
            "jaccard": 0.7458745572991652,
            "precision_region_lvl": 0.6585209774053409,
            "recall_region_lvl": 0.8672977079253992,
            "f1_region_lvl": 0.6805659066917427,
            "rouge-1-f": 0.8412475821744897,
            "rouge-2-f": 0.814218566277425,
            "rouge-l-f": 0.8399484500804423
        },
        {
            "precision": 0.6442292082574644,
            "recall": 0.8099223129999372,
            "f1": 0.7176358210633038,
            "iou": 0.7456441128140486,
            "bleu": 0.5701117326955447,
            "jaccard": 0.7456441128140486,
            "precision_region_lvl": 0.6585475193798747,
            "recall_region_lvl": 0.8672918808945806,
            "f1_region_lvl": 0.6806028995267532,
            "rouge-1-f": 0.8407959262865686,
            "rouge-2-f": 0.8137279512571438,
            "rouge-l-f": 0.8394891864478369
        },
        {
            "precision": 0.6419695304064112,
            "recall": 0.8156838613382433,
            "f1": 0.7184755832751906,
            "iou": 0.7451742964108466,
            "bleu": 0.5710486810653063,
            "jaccard": 0.7451742964108466,
            "precision_region_lvl": 0.6561882605452536,
            "recall_region_lvl": 0.8720900651730561,
            "f1_region_lvl": 0.6810806748588459,
            "rouge-1-f": 0.8404688167271754,
            "rouge-2-f": 0.8135940246601502,
            "rouge-l-f": 0.839209938694407
        },
        {
            "precision": 0.6419719273849819,
            "recall": 0.8159248115636341,
            "f1": 0.7185705405425095,
            "iou": 0.7454198342437712,
            "bleu": 0.57124417559797,
            "jaccard": 0.7454198342437712,
            "precision_region_lvl": 0.6562767339609791,
            "recall_region_lvl": 0.8724341805476294,
            "f1_region_lvl": 0.6813091208663313,
            "rouge-1-f": 0.8407740885347628,
            "rouge-2-f": 0.8138724144034043,
            "rouge-l-f": 0.8395147797481768
        },
        {
            "precision": 0.6419951677328206,
            "recall": 0.8159820666009053,
            "f1": 0.7186073024711069,
            "iou": 0.7454365247464708,
            "bleu": 0.5713438639340951,
            "jaccard": 0.7454365247464708,
            "precision_region_lvl": 0.6563016149365688,
            "recall_region_lvl": 0.8726855317307785,
            "f1_region_lvl": 0.6814434106302335,
            "rouge-1-f": 0.8406870094376678,
            "rouge-2-f": 0.8137941023408615,
            "rouge-l-f": 0.8394218748136362
        },
        {
            "precision": 0.6419979466687059,
            "recall": 0.8161975361078724,
            "f1": 0.7186925874431567,
            "iou": 0.7456770504596139,
            "bleu": 0.5715394624023001,
            "jaccard": 0.7456770504596139,
            "precision_region_lvl": 0.656386247153565,
            "recall_region_lvl": 0.8729778976287863,
            "f1_region_lvl": 0.6816645406185242,