{
    "precision": 0.7387134421258429,
    "recall": 0.8278581549184383,
    "f1": 0.7807494382836848,
    "iou": 0.6894348612591366,
    "bleu": 0.629151173014104,
    "jaccard": 0.6894348612591366,
    "edit_distance": 112.39162618551931,
    "precision_region_lvl": 0.7660108297155415,
    "recall_region_lvl": 0.8051660010117953,
    "f1_region_lvl": 0.7409765367070718,
    "rouge-1-f": 0.7465272573181561,
    "rouge-2-f": 0.6960645997612114,
    "rouge-l-f": 0.7370975927117509,
    "inference_time": 146.03917050361633,
    "pages": 6930,
    "batch_size": 128,
    "GPU": "NVIDIA A100-SXM4-80GB"
}