{
    "precision": 0.6410850521300455,
    "recall": 0.898946271224602,
    "f1": 0.7484276565164644,
    "iou": 0.6953762416834429,
    "bleu": 0.6392136875842287,
    "jaccard": 0.6955478860363439,
    "edit_distance": 115.98420871953313,
    "precision_region_lvl": 0.7125119529312751,
    "recall_region_lvl": 0.9109075973703191,
    "f1_region_lvl": 0.7396071395197158,
    "rouge-1-f": 0.7880153407783099,
    "rouge-2-f": 0.7490905026559833,
    "rouge-l-f": 0.7860676851904917,
    "inference_time": 604.1895370483398,
    "pages": 6908,
    "batch_size": "All sentences of a page",
    "GPU": "NVIDIA A100-SXM4-80GB"
}