{
    "precision": 0.5151467452154845,
    "recall": 0.7931646375260009,
    "f1": 0.6246161071920829,
    "iou": 0.5119976258291897,
    "bleu": 0.42680034996556243,
    "jaccard": 0.5119976258291897,
    "edit_distance": 241.35326514555467,
    "precision_region_lvl": 0.5476149936790443,
    "recall_region_lvl": 0.840762377230333,
    "f1_region_lvl": 0.5856201620948865,
    "rouge-1-f": 0.6318105825775538,
    "rouge-2-f": 0.569733172410053,
    "rouge-l-f": 0.6259174957171193,
    "inference_time": 945.3656775951385,
    "pages": 6930,
    "batch_size": 128,
    "GPU": "NVIDIA A100-SXM4-80GB"
}