{
    "precision": 0.8460761748578015,
    "recall": 0.8284207892111659,
    "f1": 0.8371554055318026,
    "iou": 0.8039244604418596,
    "bleu": 0.7271771657076194,
    "jaccard": 0.8039244604418596,
    "edit_distance": 82.14484869092145,
    "precision_region_lvl": 0.9023064650621336,
    "recall_region_lvl": 0.8487255675176728,
    "f1_region_lvl": 0.8329341656316898,
    "rouge-1-f": 0.8714274024358004,
    "rouge-2-f": 0.8513934870573968,
    "rouge-l-f": 0.8712430623062959
}