{
    "precision": 0.6154113052658,
    "recall": 0.7528642310241872,
    "f1": 0.6772337103370286,
    "iou": 0.6049309109738842,
    "bleu": 0.5151440009778114,
    "jaccard": 0.6051036822247481,
    "edit_distance": 138.73980649619904,
    "precision_region_lvl": 0.7012859916489036,
    "recall_region_lvl": 0.7951105926751747,
    "f1_region_lvl": 0.6608763024807144,
    "rouge-1-f": 0.7215226353820612,
    "rouge-2-f": 0.6673863751875584,
    "rouge-l-f": 0.7175806180757638,
    "inference_time": 129.26438164710999,
    "pages": 6908,
    "batch_size": "All sentences of a page",
    "GPU": "NVIDIA A100-SXM4-80GB"
}