{
    "precision": 0.48196330465429665,
    "recall": 0.8351946631746021,
    "f1": 0.6112147361591989,
    "iou": 0.5326692523794463,
    "bleu": 0.43862410097770854,
    "jaccard": 0.5326692523794463,
    "edit_distance": 269.5436926215573,
    "precision_region_lvl": 0.5282719514795072,
    "recall_region_lvl": 0.9171139538658927,
    "f1_region_lvl": 0.5815653189341308,
    "rouge-1-f": 0.6572134717987121,
    "rouge-2-f": 0.6087702852921434,
    "rouge-l-f": 0.6564788630611857,
    "inference_time": 172.6988410949707,
    "pages": 6930
}