{
    "precision": 0.5804632897848776,
    "recall": 0.8394812733914075,
    "f1": 0.6863480086512055,
    "iou": 0.6744986117537217,
    "bleu": 0.5336630403336641,
    "jaccard": 0.6744986117537217,
    "edit_distance": 191.48429184549357,
    "precision_region_lvl": 0.6042499994856663,
    "recall_region_lvl": 0.8917169849790418,
    "f1_region_lvl": 0.6482597186555474,
    "rouge-1-f": 0.7781046094904869,
    "rouge-2-f": 0.7418515129133754,
    "rouge-l-f": 0.7768191254727765,
    "inference_time": 389.18705797195435,
    "pages": 6918,
    "batch_size": 512,
    "GPU": "NVIDIA A100-SXM4-80GB"
}