{
    "precision": 0.6530978259125895,
    "recall": 0.8428955629920146,
    "f1": 0.7359568080237774,
    "iou": 0.7685942283292141,
    "bleu": 0.5939380039220407,
    "jaccard": 0.7685942283292143,
    "edit_distance": 148.65251626155427,
    "precision_region_lvl": 0.6631284134971608,
    "recall_region_lvl": 0.8922598553166202,
    "f1_region_lvl": 0.6980769874318282,
    "rouge-1-f": 0.8588084778041937,
    "rouge-2-f": 0.8334367448925841,
    "rouge-l-f": 0.8574261693576304,
    "inference_time": 120.92954063415527,
    "pages": 6918,
    "batch_size": 2048,
    "GPU": "NVIDIA A100-SXM4-80GB"
}