{
    "precision": 0.6393464328079621,
    "recall": 0.8188441312165636,
    "f1": 0.7180475408840178,
    "iou": 0.7437901581933912,
    "bleu": 0.5710282420532304,
    "jaccard": 0.7437901581933913,
    "edit_distance": 157.83538672142367,
    "precision_region_lvl": 0.6540334287267001,
    "recall_region_lvl": 0.8755109779660719,
    "f1_region_lvl": 0.6812279739554942,
    "rouge-1-f": 0.8390774037047867,
    "rouge-2-f": 0.8120583199226765,
    "rouge-l-f": 0.8378399801758689,
    "inference_time": 117.74782466888428,
    "pages": 6918,
    "batch_size": 512,
    "GPU": "NVIDIA A100-SXM4-80GB"
}