{
    "precision": 0.6420058575534624,
    "recall": 0.8101647670961348,
    "f1": 0.7163490532452557,
    "iou": 0.7436418163533477,
    "bleu": 0.5679522338007584,
    "jaccard": 0.7436418163533477,
    "edit_distance": 156.9055023923445,
    "precision_region_lvl": 0.6548877727453917,
    "recall_region_lvl": 0.8685256939575955,
    "f1_region_lvl": 0.67939471598049,
    "rouge-1-f": 0.8383267961511837,
    "rouge-2-f": 0.8104503641415223,
    "rouge-l-f": 0.8369505085601878,
    "inference_time": 57.294453859329224,
    "pages": 6918,
    "batch_size": 2048,
    "GPU": "NVIDIA A100-SXM4-80GB"
}