{
    "precision": 0.6312782456084387,
    "recall": 0.7914496910856134,
    "f1": 0.7023478763435679,
    "iou": 0.7201807601290474,
    "bleu": 0.5513520267705275,
    "jaccard": 0.7201807601290474,
    "edit_distance": 163.91425141485166,
    "precision_region_lvl": 0.6492923561423796,
    "recall_region_lvl": 0.8449646829341515,
    "f1_region_lvl": 0.6649692371369101,
    "rouge-1-f": 0.7514124444118822,
    "rouge-2-f": 0.7117706381297007,
    "rouge-l-f": 0.7501580618235861,
    "inference_time": 141.6532757282257,
    "pages": 6918,
    "batch_size": 2048,
    "GPU": "NVIDIA A100-SXM4-80GB"
}