{
    "precision": 0.790486420297838,
    "recall": 0.8057684939157089,
    "f1": 0.798054304074641,
    "iou": 0.7086607989565646,
    "bleu": 0.647834713661767,
    "jaccard": 0.7087988632945461,
    "edit_distance": 109.16181140411432,
    "rouge": 0.7610558134539779,
    "precision_region_lvl": 0.8092718818973434,
    "recall_region_lvl": 0.7947585425382131,
    "f1_region_lvl": 0.7588107894089231
}