{
    "precision": 0.6092858909078309,
    "recall": 0.7141476571023498,
    "f1": 0.6575624324342699,
    "iou": 0.5254724248672585,
    "bleu": 0.4420274883446008,
    "jaccard": 0.5257339995468295,
    "edit_distance": 212.1616531519749,
    "rouge": 0.6310651358322156,
    "precision_region_lvl": 0.6295663469029514,
    "recall_region_lvl": 0.7602326961166299,
    "f1_region_lvl": 0.6134661098483145
}