{
    "precision": 0.5548613159278304,
    "recall": 0.8345730259061076,
    "f1": 0.6665623174117276,
    "iou": 0.5837354112283359,
    "bleu": 0.4972089685119026,
    "jaccard": 0.5838334600566525,
    "edit_distance": 244.15776056476125,
    "rouge": 0.6999742451473543,
    "precision_region_lvl": 0.5910297313536124,
    "recall_region_lvl": 0.9132079329459022,
    "f1_region_lvl": 0.6342387590582867
}