{
    "precision": 0.7200198200254957,
    "recall": 0.803640139905733,
    "f1": 0.7595353873134623,
    "iou": 0.7534106807910367,
    "bleu": 0.6240424194086169,
    "jaccard": 0.7535112439446973,
    "precision_region_lvl": 0.7285348941660446,
    "recall_region_lvl": 0.8608933583949359,
    "f1_region_lvl": 0.727774583826841,
    "rouge-1-f": 0.8391584908899389,
    "rouge-2-f": 0.8119460703854102,
    "rouge-l-f": 0.8377474080570861,
    "inference_time": 456.6035747528076,
    "pages": 29058,
    "batch_size": 2048,
    "GPU": "NVIDIA A100-SXM4-80GB"
}