{
    "precision": 0.7532363670024573,
    "recall": 0.8605616932945065,
    "f1": 0.8033302051675003,
    "iou": 0.7250425574796495,
    "bleu": 0.6743248197510266,
    "jaccard": 0.7250425574796495,
    "edit_distance": 97.45071658379644,
    "rouge": 0.7728806204699181,
    "precision_region_lvl": 0.7934338880591618,
    "recall_region_lvl": 0.831955665134386,
    "f1_region_lvl": 0.7716274573409266
}