{
    "precision": 0.543159676314421,
    "recall": 0.7369310356498489,
    "f1": 0.6253794657652284,
    "iou": 0.5011564160826277,
    "bleu": 0.42339516207615735,
    "jaccard": 0.5011564160826277,
    "edit_distance": 211.71313005600499,
    "rouge": 0.6060331041864253,
    "precision_region_lvl": 0.5723280928536657,
    "recall_region_lvl": 0.7929783151691394,
    "f1_region_lvl": 0.5884424850367602
}