{
    "precision": 0.46465948294924114,
    "recall": 0.8303875785869931,
    "f1": 0.5958817627152446,
    "iou": 0.5184572293905167,
    "bleu": 0.43360919316276836,
    "jaccard": 0.5184572293905167,
    "edit_distance": 271.6138634046891,
    "rouge": 0.6423054999196398,
    "precision_region_lvl": 0.5129966533721366,
    "recall_region_lvl": 0.9221617668435859,
    "f1_region_lvl": 0.5723639198117212
}