{
    "precision": 0.6701474538585565,
    "recall": 0.8092387605230164,
    "f1": 0.7331544523751762,
    "iou": 0.7443593037861259,
    "bleu": 0.6040033016575665,
    "jaccard": 0.7443593037861259,
    "precision_region_lvl": 0.6933163250659018,
    "recall_region_lvl": 0.8724206453249644,
    "f1_region_lvl": 0.7104174815874686,
    "rouge-1-f": 0.8330772493050197,
    "rouge-2-f": 0.8059755768699488,
    "rouge-l-f": 0.8316925812118936,
    "inference_time": 396.043833732605,
    "pages": 24513,
    "batch_size": 2048,
    "GPU": "NVIDIA A100-SXM4-80GB"
}